date,actual_kwh,predicted_kwh,daily_residual,anomaly_hours,avg_temp,avg_clouds,total_rain,performance_ratio,loss_kwh,loss_pct,status
2024-09-01,516.0981642089,663.7725518070865,-147.67438759818657,1,30.665454545454544,75.36363636363636,0.62,0.7775226059044614,147.6743875981865,22.24773940955386,Normal
2024-09-02,512.4986459257,703.9150168046539,-191.4163708789539,0,32.127272727272725,58.63636363636363,0.0,0.7280689198138324,191.4163708789539,27.193108018616762,Normal
2024-09-03,462.9233049973,561.7044664442166,-98.78116144691658,0,29.34272727272727,87.54545454545455,4.67,0.8241403311740861,98.78116144691654,17.585966882591386,Normal
2024-09-04,659.603666288,714.0024695150943,-54.39880322709431,0,32.36454545454546,63.27272727272727,1.01,0.9238114634756956,54.39880322709428,7.618853652430435,Normal
2024-09-05,542.8538622304,645.0403339289333,-102.18647169853323,0,31.112727272727273,66.0909090909091,0.4,0.8415812681416112,102.1864716985333,15.841873185838883,Normal
2024-09-06,997.2995321387,666.8849121717393,330.4146199669607,0,31.562727272727273,70.45454545454545,0.13,1.495459732161208,-330.4146199669607,-49.5459732161208,Normal
2024-09-07,965.6814795872999,745.7159956162841,219.9654839710159,0,32.059999999999995,63.90909090909091,0.7000000000000001,1.2949721948625081,-219.96548397101583,-29.497219486250813,Normal
2024-09-08,1168.4788049466,841.6738229857535,326.80498196084636,0,32.13272727272727,38.54545454545455,0.0,1.388279845512527,-326.80498196084636,-38.82798455125269,Normal
2024-09-09,1121.3819948758,800.8918317141789,320.49016316162107,0,32.06545454545455,40.36363636363637,0.0,1.4001666023683423,-320.4901631616211,-40.016660236834234,Normal
2024-09-10,850.3597821417999,698.7547907196256,151.60499142217432,0,31.99909090909091,61.18181818181818,0.0,1.2169645109209786,-151.6049914221743,-21.696451092097856,Normal
2024-09-11,766.9742862705,707.1620000685446,59.812286201955416,0,32.300909090909094,62.45454545454545,0.38,1.0845807413239934,-59.81228620195543,-8.45807413239934,Normal
2024-09-12,1099.5409932724,685.7477666126505,413.79322665974956,0,32.67818181818182,77.18181818181819,4.1,1.6034189928225953,-413.7932266597496,-60.341899282259526,Normal
2024-09-13,989.6099835223,770.8836705917878,218.72631293051225,0,31.38181818181818,57.27272727272727,1.8599999999999999,1.2837345260700639,-218.72631293051222,-28.37345260700639,Normal
2024-09-14,277.39357908430003,508.25195476995935,-230.85837568565938,0,26.569090909090907,95.45454545454545,16.63,0.5457796600307254,230.85837568565933,45.42203399692746,Normal
2024-09-15,169.2578346074,433.64354015505427,-264.38570554765425,0,26.777272727272727,100.0,27.43,0.39031559088111845,264.38570554765425,60.96844091188815,Normal
2024-09-16,755.5711361891,607.0376166025289,148.5335195865711,0,29.901818181818182,77.27272727272727,0.0,1.2446858572255937,-148.53351958657106,-24.468585722559368,Normal
2024-09-17,671.0649046248,777.8725879135532,-106.80768328875324,0,31.80090909090909,54.0,0.0,0.8626925733747247,106.8076832887532,13.730742662527529,Normal
2024-09-18,1009.9937865717,799.2201722056884,210.77361436601163,0,32.73636363636364,46.0,0.56,1.2637240921789028,-210.77361436601154,-26.37240921789028,Normal
2024-09-19,1055.044455843,862.1959961849262,192.84845965807378,0,33.97636363636364,31.454545454545453,0.15,1.2236712539972303,-192.8484596580737,-22.36712539972303,Normal
2024-09-20,1195.8361253062,859.0069551126396,336.8291701935604,0,34.60636363636364,35.27272727272727,0.0,1.39211460185371,-336.82917019356046,-39.211460185371,Normal
2024-09-21,485.2159155515,683.5007626239831,-198.28484707248305,0,31.55909090909091,82.72727272727273,0.0,0.7098981333813577,198.28484707248305,29.010186661864235,Normal
2024-09-22,909.3642223379,838.5476344376629,70.81658790023714,0,32.944545454545455,22.90909090909091,0.0,1.0844514789523285,-70.8165879002371,-8.445147895232852,Normal
2024-09-23,762.7206223336,726.0127043905521,36.707917943047875,0,33.224545454545456,61.36363636363637,0.0,1.050560985670164,-36.707917943047846,-5.056098567016409,Normal
2024-09-24,1002.4753298245,672.8387755878085,329.6365542366915,0,31.563636363636363,67.27272727272727,0.15,1.4899190804642803,-329.6365542366915,-48.99190804642804,Normal
2024-09-25,379.5040015711,533.6418175456229,-154.1378159745228,0,27.725454545454546,84.0,11.2,0.7111586631582801,154.13781597452288,28.884133684171985,Normal
2024-09-26,210.288710023,476.4314858455877,-266.1427758225877,0,27.11818181818182,86.36363636363636,26.88,0.4413828982141515,266.14277582258774,55.86171017858486,Normal
2024-09-27,722.3399534813,582.1214936311952,140.21845985010478,0,29.79090909090909,76.72727272727273,0.5700000000000001,1.2408749056411592,-140.21845985010475,-24.08749056411592,Normal
2024-09-28,1091.015345896,719.8501281994781,371.16521769652184,0,31.018181818181816,55.0,1.97,1.5156145746961207,-371.16521769652195,-51.56145746961207,Normal
2024-09-29,560.3554776162,675.7552651903566,-115.39978757415659,0,31.10545454545455,68.63636363636364,0.0,0.8292284299972874,115.39978757415656,17.07715700027126,Normal
2024-09-30,432.0173812304,559.1393989957352,-127.12201776533514,0,31.44363636363636,87.45454545454545,0.82,0.7726470036029338,127.12201776533516,22.735299639706618,Normal
2024-10-01,554.287243881,568.0125018211144,-13.725257940114318,0,30.685454545454547,84.0909090909091,0.75,0.9758363453337565,13.725257940114375,2.4163654666243484,Normal
2024-10-02,879.4755964057,583.2907074203232,296.1848889853768,0,30.987272727272728,83.18181818181819,3.2600000000000002,1.5077826291718102,-296.1848889853768,-50.77826291718102,Normal
2024-10-03,301.0388968391,428.91611702178835,-127.87722018268838,0,26.75,100.0,23.9,0.7018596058581021,127.87722018268835,29.814039414189786,Normal
2024-10-04,290.7675816759,503.23755106497714,-212.46996938907716,0,28.028181818181817,88.27272727272727,9.98,0.5777938889110376,212.46996938907716,42.22061110889624,Normal
2024-10-05,302.7074615628,407.24991574351253,-104.54245418071255,0,26.615454545454543,93.0909090909091,33.91,0.7432965603200916,104.54245418071253,25.67034396799084,Normal
2024-10-06,870.7209370041,606.7182046213032,264.0027323827968,0,29.753636363636364,65.27272727272727,0.0,1.4351323734345174,-264.0027323827968,-43.513237343451735,Normal
2024-10-07,560.8823526152,643.3336180406889,-82.45126542548881,0,30.36909090909091,72.0909090909091,0.91,0.871837467974083,82.45126542548883,12.8162532025917,Normal
2024-10-08,841.4799644069,652.1309296072071,189.34903479969282,0,29.819999999999997,59.36363636363637,0.17,1.2903543233469112,-189.34903479969284,-29.035432334691123,Normal
2024-10-09,556.3911390695,682.2506644984098,-125.85952542890978,0,30.275454545454544,58.09090909090909,0.30000000000000004,0.8155230445668504,125.85952542890982,18.447695543314957,Normal
2024-10-10,839.4736277627001,607.4583596182223,232.01526814447777,0,29.508181818181814,64.81818181818181,4.71,1.3819443167928342,-232.01526814447777,-38.194431679283426,Normal
2024-10-11,984.8670119701001,679.4448509538918,305.42216101620824,0,30.492727272727276,51.81818181818182,0.6699999999999999,1.4495172206948328,-305.4221610162083,-44.95172206948328,Normal
2024-10-12,871.0436098,649.00776324756,222.03584655243995,0,30.186363636363637,69.81818181818181,1.02,1.3421158561207316,-222.03584655244003,-34.21158561207316,Normal
2024-10-13,876.8062539033,751.69824999515,125.10800390814995,0,31.099090909090908,36.27272727272727,0.0,1.166433810254257,-125.10800390814995,-16.643381025425708,Normal
2024-10-14,828.8976326869,698.0119881514843,130.88564453541568,0,30.469090909090912,41.18181818181818,0.0,1.187512029531233,-130.88564453541574,-18.75120295312329,Normal
2024-10-15,618.9086194872,725.0247799501997,-106.1161604629996,0,30.214545454545455,37.36363636363637,0.0,0.8536378846661096,106.11616046299969,14.636211533389043,Normal
2024-10-16,624.7666011901999,746.8345402740904,-122.06793908389045,0,30.84,31.181818181818183,0.0,0.8365529009423008,122.06793908389045,16.344709905769918,Normal
2024-10-17,293.1206580687,559.3158434747296,-266.1951854060297,0,28.980909090909094,75.0,0.0,0.5240700071138669,266.1951854060296,47.59299928861331,Normal
2024-10-18,604.7799767891,494.5869038354945,110.19307295360545,0,28.30181818181818,78.0,6.5600000000000005,1.2227982020936345,-110.19307295360551,-22.279820209363454,Normal
2024-10-19,826.0074928721,600.8703376662015,225.13715520589847,0,28.437272727272727,58.18181818181818,0.47,1.374685087768416,-225.13715520589847,-37.4685087768416,Normal
2024-10-20,737.1431913167,643.0898065637563,94.05338475294374,0,29.137272727272727,50.45454545454545,0.0,1.1462523333335082,-94.05338475294377,-14.625233333350817,Normal
2024-10-21,856.9665996906,676.7709796323995,180.19562005820043,0,29.65818181818182,38.90909090909091,0.0,1.2662579003551202,-180.19562005820046,-26.62579003551202,Normal
2024-10-22,939.1301591154,746.9211125107944,192.20904660460562,0,30.865454545454543,20.545454545454547,0.0,1.257335136716768,-192.20904660460565,-25.7335136716768,Normal
2024-10-23,446.8189186629,527.4302379455997,-80.61131928269981,0,28.014999999999997,87.4,7.32,0.8471621202517893,80.61131928269975,15.283787974821072,Normal
2024-10-24,399.64893870509997,517.840029969732,-118.19109126463194,0,26.080000000000002,80.0,7.7,0.771761384936695,118.191091264632,22.823861506330502,Normal
2024-10-25,549.0363814831001,544.8129891272766,4.223392355823337,0,28.558,70.5,0.19,1.0077520037886556,-4.223392355823421,-0.7752003788655593,Normal
2024-10-26,976.2751160204,611.1814543462416,365.0936616741584,0,29.601999999999997,63.8,0.25,1.5973572317646414,-365.0936616741584,-59.73572317646414,Normal
2024-10-27,823.5639864991,723.827989769064,99.73599673003598,0,30.541000000000004,25.9,0.0,1.1377896380628452,-99.73599673003605,-13.778963806284516,Normal
2024-10-28,1056.0351599028,707.9690523052251,348.0661075975749,0,30.799,22.9,0.0,1.4916402863433553,-348.06610759757484,-49.16402863433553,Normal
2024-10-29,667.7126217412,688.9833081242726,-21.270686383072675,0,30.567,39.9,0.0,0.9691274285860696,21.270686383072643,3.0872571413930405,Normal
2024-10-30,982.7755887908,672.7388334922548,310.0367552985452,0,30.445999999999998,37.1,0.12,1.460857527265244,-310.03675529854524,-46.0857527265244,Normal
2024-10-31,840.7328258819,700.2911594141881,140.4416664677119,0,30.255000000000003,33.3,0.4,1.2005475359494686,-140.4416664677119,-20.05475359494686,Normal
2024-11-01,826.4636169328,647.4425439016883,179.02107303111168,0,30.107,43.1,0.15,1.2765049574164151,-179.02107303111177,-27.650495741641514,Normal
2024-11-02,922.002567227,699.8272552661118,222.17531196088817,0,29.124000000000002,40.7,0.0,1.317471647880312,-222.17531196088817,-31.747164788031192,Normal
2024-11-03,944.705200873,711.1021693000522,233.60303157294777,0,28.660000000000004,35.4,0.0,1.3285083939525688,-233.60303157294777,-32.850839395256884,Normal
2024-11-04,928.9953036797999,779.7391479074007,149.25615577239924,0,29.468,18.1,0.0,1.1914180609925262,-149.2561557723992,-19.141806099252623,Normal
2024-11-05,875.901434226,682.6768275185192,193.22460670748077,0,29.387,31.3,0.0,1.2830396447025136,-193.2246067074808,-28.303964470251366,Normal
2024-11-06,907.5052250677,629.950205424454,277.55501964324594,0,27.155,46.7,0.13,1.4405983476999302,-277.55501964324606,-44.059834769993024,Normal
2024-11-07,966.2983404109,749.7906079186955,216.5077324922045,0,28.287,25.0,0.0,1.2887575947279426,-216.50773249220447,-28.87575947279426,Normal
2024-11-08,1190.2456552224,853.0362324445409,337.20942277785906,0,28.465999999999998,0.5,0.0,1.3953049236976958,-337.2094227778591,-39.530492369769576,Normal
2024-11-09,1227.8819418502,881.4946121006465,346.38732974955354,0,28.520999999999997,0.0,0.0,1.3929545626196114,-346.3873297495536,-39.295456261961135,Normal
2024-11-10,1081.313655625,852.8699127898587,228.44374283514125,0,28.639999999999997,9.5,0.0,1.2678529743039817,-228.44374283514117,-26.78529743039817,Normal
2024-11-11,1093.2161311463,767.2516064273633,325.9645247189366,0,29.000999999999998,22.5,0.0,1.4248469758659232,-325.9645247189368,-42.484697586592326,Normal
2024-11-12,1028.9560722056,601.0180588086865,427.93801339691345,0,28.73,70.4,0.0,1.712021888735182,-427.93801339691356,-71.2021888735182,Normal
2024-11-13,1070.5596833519,801.2030959568989,269.3565873950011,0,27.96,9.3,0.0,1.3361901479840155,-269.35658739500116,-33.61901479840155,Normal
2024-11-14,924.3514496314,701.2400690712949,223.1113805601051,0,27.702999999999996,20.1,0.0,1.3181669023214664,-223.1113805601051,-31.816690232146637,Normal
2024-11-15,960.8908928388,746.4129866946427,214.47790614415734,0,27.224,14.1,0.0,1.287344821120992,-214.47790614415737,-28.73448211209919,Normal
2024-11-16,901.3553629136,803.9145432704074,97.44081964319254,0,26.733999999999998,6.4,0.0,1.1212079324337052,-97.44081964319253,-12.120793243370521,Normal
2024-11-17,898.8044595166,786.5483281710976,112.25613134550234,0,25.915,14.6,0.0,1.1427199414516882,-112.25613134550235,-14.27199414516882,Normal
2024-11-18,978.9763405149,748.2434727859758,230.7328677289242,0,25.562,12.3,0.0,1.308366028065469,-230.73286772892425,-30.8366028065469,Normal
2024-11-19,1003.2408481612999,819.0169199938854,184.2239281674146,0,26.193,6.2,0.0,1.2249329942643796,-184.22392816741456,-22.493299426437964,Normal
2024-11-20,924.8031580424,763.4105737608487,161.3925842815513,0,26.151999999999997,10.2,0.0,1.211409940900439,-161.3925842815513,-21.140994090043908,Normal
2024-11-21,777.8682942569,787.5593083932916,-9.691014136391654,0,25.992,6.3,0.0,0.9876948770294361,9.691014136391686,1.2305122970563853,Normal
2024-11-22,442.4116311167,578.3346150461019,-135.92298392940197,1,26.024,43.9,0.0,0.7649751884234582,135.92298392940194,23.502481157654177,Normal
2024-11-23,817.7733067812,568.703609910728,249.06969687047192,0,25.259999999999998,33.4,0.0,1.4379604639920776,-249.06969687047194,-43.79604639920775,Normal
2024-11-24,624.4342685098,562.2786083261386,62.1556601836614,0,24.285,47.4,0.0,1.1105424593133537,-62.155660183661325,-11.054245931335371,Normal
2024-11-25,771.7298461187,506.6902245256507,265.0396215930493,0,23.942,48.0,0.0,1.5230801952833648,-265.03962159304933,-52.30801952833648,Normal
2024-11-26,793.8788493055,607.4463510847395,186.43249822076046,0,23.921,38.7,0.0,1.3069118744195947,-186.43249822076052,-30.691187441959467,Normal
2024-11-27,786.0574218784,612.4001130212235,173.65730885717642,0,24.556,24.0,0.0,1.2835683814629832,-173.65730885717642,-28.356838146298323,Normal
2024-11-28,913.6017453170999,567.569171201544,346.0325741155559,0,25.052,55.9,0.0,1.6096747175027228,-346.0325741155559,-60.96747175027228,Normal
2024-11-29,858.7313215194,615.5726632008076,243.1586583185924,0,26.365,37.2,0.0,1.39501211287427,-243.15865831859242,-39.501211287427004,Normal
2024-11-30,826.1443960889001,553.7629448807929,272.38145120810714,0,25.817,43.7,0.0,1.4918737407876614,-272.38145120810714,-49.18737407876614,Normal
2024-12-01,1032.6691694557,583.0818847069131,449.58728474878694,0,25.441,38.1,0.0,1.7710534258404762,-449.58728474878694,-77.10534258404762,Normal
2024-12-02,998.8798066926,652.0745309118777,346.80527578072235,0,24.669,23.7,0.0,1.531849135858352,-346.80527578072235,-53.18491358583519,Normal
2024-12-03,940.7000203363,727.3277754848141,213.3722448514859,0,24.834,6.5,0.0,1.2933646315229177,-213.3722448514859,-29.33646315229177,Normal
2024-12-04,882.2252100367999,718.0810649251567,164.14414511164327,0,23.991999999999997,2.1,0.0,1.2285872071125443,-164.14414511164318,-22.85872071125443,Normal
2024-12-05,664.7902679837999,721.1137153424835,-56.32344735868349,1,23.774,1.1,0.0,0.9218938065379418,56.32344735868355,7.810619346205816,Normal
2024-12-06,884.9947767668,698.6185623274964,186.37621443930362,0,22.975,3.3,0.0,1.266778217026439,-186.37621443930357,-26.6778217026439,Normal
2024-12-07,991.259518361,737.8825309943003,253.37698736669972,0,21.909,2.2,0.0,1.343383908310274,-253.37698736669972,-34.33839083102741,Normal
2024-12-08,859.7990256002,752.6904805221287,107.10854507807133,0,21.266,4.9,0.0,1.1423009163126017,-107.1085450780713,-14.230091631260166,Normal
2024-12-09,522.4676704702,480.42767329446554,42.039997175734484,0,21.298,69.6,0.0,1.087505361394882,-42.03999717573447,-8.750536139488197,Normal
2024-12-10,789.3162602381,553.0582151208956,236.25804511720435,0,21.324,36.7,0.0,1.4271847676388996,-236.25804511720435,-42.71847676388995,Normal
2024-12-11,775.1668047851,566.1276710442348,209.03913374086522,0,20.54888888888889,22.22222222222222,0.0,1.3692438021185007,-209.03913374086517,-36.92438021185007,Normal
2024-12-12,309.5027606055,420.88022598508235,-111.37746537958236,0,18.995555555555555,76.66666666666667,0.0,0.7353701635212246,111.37746537958236,26.462983647877536,Normal
2024-12-13,822.8277531936,435.9838648183646,386.8438883752353,0,20.09777777777778,68.33333333333333,0.0,1.8872894608987387,-386.84388837523534,-88.72894608987387,Normal
2024-12-14,909.9111818832,600.7890237224427,309.12215816075735,0,20.60666666666667,8.777777777777779,0.0,1.5145269736212226,-309.1221581607573,-51.45269736212226,Normal
2024-12-15,271.5704370232,667.7588149868631,-396.1883779636631,2,21.44,3.6666666666666665,0.0,0.4066894078044371,396.1883779636631,59.331059219556295,Normal
2024-12-16,1029.4877112981999,636.6390660366416,392.8486452615584,0,22.98,1.4444444444444444,0.0,1.6170665078836806,-392.8486452615583,-61.70665078836806,Normal
2024-12-17,852.5137860287999,619.6958248603127,232.8179611684873,0,23.808888888888887,23.666666666666668,0.0,1.3756971595233314,-232.81796116848727,-37.56971595233314,Normal
2024-12-18,914.6093553618,570.4570899168118,344.15226544498813,0,23.046666666666667,44.44444444444444,0.0,1.603292117020011,-344.1522654449882,-60.329211702001096,Normal
2024-12-19,699.721272824,484.1285257002816,215.5927471237184,0,22.62777777777778,56.666666666666664,0.0,1.445321305560064,-215.59274712371842,-44.5321305560064,Normal
2024-12-20,802.8953662555,420.779464756379,382.11590149912104,0,22.266666666666666,66.66666666666667,0.0,1.9081144245486332,-382.115901499121,-90.81144245486333,Normal
2024-12-21,278.8825553388,402.1436044104819,-123.26104907168187,0,20.516666666666666,76.77777777777777,0.0,0.6934899679621286,123.2610490716819,30.65100320378714,Normal
2024-12-22,259.3641412453,576.8940360968082,-317.52989485150823,1,21.424444444444443,25.11111111111111,0.0,0.4495871425541592,317.52989485150823,55.04128574458408,Normal
2024-12-23,938.5123335112,571.2778414649644,367.23449204623563,0,22.565555555555555,24.555555555555557,0.0,1.642829925110543,-367.2344920462357,-64.28299251105429,Normal
2024-12-24,888.4279448667,662.0516416464775,226.3763032202225,0,22.67,0.5555555555555556,0.0,1.3419314883915099,-226.37630322022255,-34.193148839150986,Normal
2024-12-25,774.5046021055,479.2881361536138,295.2164659518862,0,23.373333333333335,46.888888888888886,0.0,1.6159477852321973,-295.2164659518862,-61.59477852321973,Normal
2024-12-26,885.1703595889,650.4363280698935,234.7340315190065,0,23.94222222222222,0.2222222222222222,0.0,1.3608870251997716,-234.73403151900652,-36.088702519977154,Normal
2024-12-27,733.6667214611,679.8280454989028,53.83867596219716,1,23.33,0.0,0.0,1.0791945497374806,-53.83867596219716,-7.9194549737480635,Normal
2024-12-28,946.439550189,703.919750357205,242.519799831795,0,23.38111111111111,0.0,0.0,1.3445276250719318,-242.519799831795,-34.45276250719318,Normal
2024-12-29,912.7767700226,736.1698539807886,176.60691604181136,0,23.514444444444443,0.2222222222222222,0.0,1.239899684952897,-176.60691604181136,-23.989968495289695,Normal
2024-12-30,910.5625735556,708.3797492309546,202.18282432464528,0,23.200000000000003,6.777777777777778,0.0,1.2854158726927798,-202.18282432464537,-28.54158726927798,Normal
2024-12-31,809.2190714279,579.5851268213705,229.6339446065295,0,20.675555555555555,24.333333333333332,0.0,1.3962039983080918,-229.63394460652944,-39.620399830809184,Normal
2025-01-01,212.9889335847,432.0234205596029,-219.03448697490293,0,18.395555555555557,69.55555555555556,0.0,0.4930032110500258,219.03448697490293,50.699678894997426,Normal
2025-01-02,136.7864995889,382.915125099904,-246.128625511004,0,16.448888888888888,67.33333333333333,0.0,0.35722407035557,246.128625511004,64.277592964443,Normal
2025-01-03,143.32768698360002,388.26551147968127,-244.93782449608128,0,17.1,72.33333333333333,0.0,0.3691486437653906,244.93782449608125,63.08513562346094,Normal
2025-01-04,440.002441928,455.9015389080967,-15.899096980096687,0,19.75,33.22222222222222,0.0,0.9651260291461711,15.899096980096715,3.487397085382893,Normal
2025-01-05,836.2245481646,475.52770670608385,360.6968414585162,0,22.594444444444445,45.111111111111114,0.0,1.7585190860002973,-360.6968414585162,-75.85190860002973,Normal
2025-01-06,668.9378913539,569.5438386260511,99.39405272784893,0,23.922222222222224,25.0,0.0,1.1745151926629984,-99.39405272784893,-17.45151926629984,Normal
2025-01-07,706.5756155731,482.66299999850054,223.91261557459947,0,22.95111111111111,33.888888888888886,0.0,1.463910876896085,-223.91261557459944,-46.39108768960849,Normal
2025-01-08,345.4088233498,428.362994709718,-82.954171359918,0,18.596666666666668,47.77777777777778,0.0,0.8063460840819543,82.954171359918,19.36539159180457,Normal
2025-01-09,872.7054174776,553.1827048285726,319.5227126490274,0,19.231,14.5,0.0,1.5776079220481871,-319.5227126490274,-57.76079220481871,Normal
2025-01-10,545.5872451897,680.5292330543713,-134.94198786467126,2,20.31,0.0,0.0,0.801710225938391,134.94198786467132,19.828977406160895,Normal
2025-01-11,927.7097032091,693.7273573170669,233.98234589203304,0,21.957,23.6,0.0,1.337282858206631,-233.9823458920331,-33.728285820663096,Normal
2025-01-12,861.3128049295,582.206385053679,279.106419875821,0,23.689,23.6,0.0,1.479394295632961,-279.10641987582096,-47.93942956329611,Normal
2025-01-13,724.7977339757,704.2402252543953,20.55750872130464,0,23.075,1.2,0.0,1.0291910458734144,-20.557508721304657,-2.9191045873414367,Normal
2025-01-14,742.5075467992,628.8132316839408,113.69431511525922,0,22.456,13.8,0.0,1.1808077651464006,-113.6943151152592,-18.080776514640064,Normal
2025-01-15,833.5991626557,481.7452395164926,351.85392313920744,0,22.159,55.1,0.0,1.730373430347435,-351.8539231392074,-73.0373430347435,Normal
2025-01-16,841.9028906687,714.2453798719444,127.65751079675563,0,22.291,9.0,0.0,1.1787306077074564,-127.65751079675567,-17.873060770745642,Normal
2025-01-17,852.5024457334,718.0502569073135,134.45218882608646,0,22.976,10.9,0.0,1.1872462094856429,-134.4521888260865,-18.724620948564286,Normal
2025-01-18,850.5754548382,732.9223413247847,117.65311351341528,0,22.642,11.5,0.0,1.1605260296756037,-117.65311351341529,-16.052602967560368,Normal
2025-01-19,1045.8731744069,776.3782830449504,269.4948913619496,0,21.79,0.0,0.0,1.3471180186867058,-269.4948913619496,-34.71180186867058,Normal
2025-01-20,913.392650072,779.4382552532867,133.9543948187133,0,20.787,0.0,0.0,1.1718601748321724,-133.95439481871335,-17.186017483217242,Normal
2025-01-21,984.3954456721,754.4870208877212,229.90842478437884,0,20.91,13.9,0.0,1.3047215106680974,-229.90842478437878,-30.472151066809737,Normal
2025-01-22,754.8622402776,520.1175514210615,234.74468885653846,0,21.008,48.1,0.0,1.451330066088273,-234.74468885653846,-45.13300660882731,Normal
2025-01-23,819.5833410611,494.4526938149152,325.1306472461847,0,18.468,53.5,0.0,1.6575566304182954,-325.13064724618476,-65.75566304182954,Normal
2025-01-24,536.983917148,620.2509646067016,-83.26704745870153,0,18.907,27.0,0.0,0.8657526514102226,83.26704745870154,13.424734858977738,Normal
2025-01-25,798.4642596574,703.8622500519862,94.60200960541388,0,21.005000000000003,21.7,0.0,1.1344041530831164,-94.60200960541385,-13.440415308311637,Normal
2025-01-26,837.304342574,778.4848245294397,58.81951804456026,0,20.962,4.0,0.0,1.0755564093110153,-58.819518044560255,-7.555640931101526,Normal
2025-01-27,459.0455794582,665.0221115149905,-205.97653205679046,1,21.096,24.4,0.0,0.6902711526575346,205.97653205679046,30.97288473424654,Normal
2025-01-28,868.6686023497999,601.3049866618235,267.36361568797645,0,21.988,25.7,0.0,1.4446389463228297,-267.36361568797645,-44.46389463228297,Normal
2025-01-29,825.5635269462,760.0890280533645,65.4744988928356,0,22.476,0.1,0.0,1.0861405657446732,-65.47449889283553,-8.614056574467321,Normal
2025-01-30,617.818721121,525.8998617062531,91.91885941474685,0,22.984,29.5,0.0,1.1747839581408543,-91.91885941474686,-17.478395814085435,Normal
2025-01-31,520.1290149734,488.72196844034835,31.407046533051634,0,24.179,56.0,0.12,1.064263627504367,-31.40704653305164,-6.426362750436709,Normal
2025-02-01,798.1645327628,473.0366152929904,325.1279174698096,0,23.965,50.3,0.0,1.687320826673071,-325.12791746980963,-68.73208266730711,Normal
2025-02-02,688.1630920297,548.3715242003364,139.7915678293637,0,24.211,47.3,0.0,1.2549212744648164,-139.79156782936366,-25.49212744648164,Normal
2025-02-03,903.6467136732,581.6434899739893,322.00322369921076,0,23.671,32.9,0.0,1.5536092628039393,-322.0032236992107,-55.360926280393926,Normal
2025-02-04,827.7010791665,769.0332376481365,58.667841518363524,0,23.056,3.0,0.0,1.076287783994593,-58.6678415183635,-7.628778399459302,Normal
2025-02-05,878.2140324832,747.7159327848788,130.49809969832128,0,23.982,18.8,0.0,1.174528980828694,-130.4980996983212,-17.452898082869407,Normal
2025-02-06,837.2328777547,685.5410802299535,151.6917975247465,0,25.337,20.3,0.0,1.2212730963895904,-151.69179752474645,-22.127309638959037,Normal
2025-02-07,1153.2568049331,952.860706438544,200.39609849455599,0,22.945999999999998,0.0,0.0,1.2103099615090287,-200.3960984945561,-21.03099615090287,Normal
2025-02-08,1076.1528039584,1023.5574061184726,52.59539783992731,0,22.627,0.0,0.0,1.051384902815934,-52.59539783992739,-5.138490281593411,Normal
2025-02-09,1064.2500692075,1022.383775804651,41.86629340284891,0,22.329,0.0,0.0,1.0409496848381605,-41.86629340284901,-4.094968483816053,Normal
2025-02-10,907.0990792577,1005.9410422049375,-98.84196294723748,0,23.881,2.1,0.0,0.9017417932063053,98.84196294723745,9.825820679369468,Normal
2025-02-11,728.4254055764,688.2231809828659,40.20222459353417,0,24.415,31.8,0.0,1.0584145168375765,-40.20222459353408,-5.841451683757648,Normal
2025-02-12,762.6918843334,584.4457678932303,178.2461164401698,0,25.719,51.5,0.0,1.30498315880137,-178.24611644016977,-30.498315880137007,Normal
2025-02-13,810.7933226421,744.1019268044679,66.69139583763214,0,26.302999999999997,30.4,0.0,1.0896266941869603,-66.69139583763206,-8.962669418696034,Normal
2025-02-14,1257.3457631056,1040.205388835384,217.14037427021609,0,23.466363636363635,0.0,0.0,1.2087475960044074,-217.14037427021617,-20.87475960044074,Normal
2025-02-15,1102.8407358472,1087.1299466986625,15.710789148537462,0,23.968181818181815,3.6363636363636362,0.0,1.0144516202467306,-15.710789148537515,-1.4451620246730634,Normal
2025-02-16,752.3387775666,1027.6459568140822,-275.3071792474822,1,24.889090909090907,10.909090909090908,0.0,0.7320991948423637,275.30717924748217,26.790080515763627,Normal
2025-02-17,664.3479665585,780.6559667567839,-116.30800019828385,0,25.48818181818182,33.45454545454545,0.0,0.8510124752117344,116.30800019828382,14.89875247882656,Normal
2025-02-18,0.0,925.7809646769267,-925.7809646769267,5,25.51181818181818,15.181818181818182,0.11,0.0,925.7809646769267,100.0,Attention
2025-02-19,606.6348188054,835.6149154399075,-228.9800966345075,1,25.846363636363638,12.909090909090908,0.0,0.7259741390399171,228.9800966345075,27.402586096008285,Normal
2025-02-20,331.8957419953,930.9132704782718,-599.0175284829718,3,25.954545454545453,28.272727272727273,0.0,0.35652702837159383,599.0175284829718,64.34729716284062,Attention
2025-02-21,916.0451019999999,858.0690244930339,57.97607750696612,0,26.36727272727273,18.272727272727273,0.0,1.0675657503674831,-57.97607750696602,-6.7565750367483135,Normal
2025-02-22,427.6447652267,729.0892549026557,-301.44448967595577,1,26.112727272727273,41.54545454545455,0.0,0.5865465199919822,301.44448967595577,41.345348000801785,Normal
2025-02-23,0.0,540.7750288297549,-540.7750288297549,2,24.743636363636366,53.54545454545455,0.13,0.0,540.7750288297549,100.0,Normal
2025-02-24,1182.2191578561,900.4203188696924,281.79883898640753,0,25.63181818181818,5.454545454545454,0.0,1.312963660504855,-281.79883898640765,-31.296366050485492,Normal
2025-02-25,927.3475752016,947.3335899990182,-19.986014797418203,0,26.048181818181817,28.545454545454547,0.0,0.9789028753879202,19.986014797418193,2.10971246120798,Normal
2025-02-26,1245.1386620666,1005.1909018570792,239.94776020952082,0,25.681818181818183,7.2727272727272725,0.0,1.2387086470502469,-239.94776020952088,-23.870864705024687,Normal
2025-02-27,1144.5115264443,1073.261723963776,71.24980248052412,0,25.78909090909091,9.090909090909092,0.0,1.0663862326305498,-71.24980248052407,-6.638623263054977,Normal
2025-02-28,797.867345352,1022.9869847898508,-225.1196394378508,0,26.318181818181817,14.545454545454545,0.0,0.7799389016820224,225.11963943785076,22.006109831797758,Normal
2025-03-01,934.3278739648,943.7643883112911,-9.436514346491128,0,27.811818181818182,28.181818181818183,0.0,0.9900011968417497,9.436514346491094,0.9998803158250302,Normal
2025-03-02,962.614098614,1100.2963025335853,-137.68220391958528,1,28.475454545454546,2.272727272727273,0.0,0.8748680663539877,137.68220391958528,12.513193364601227,Normal
2025-03-03,807.9042458186,772.1572402291798,35.747005589420134,0,28.35545454545455,39.18181818181818,0.0,1.0462949820671374,-35.747005589420155,-4.629498206713745,Normal
2025-03-04,1308.7927035113,1125.9965908487914,182.7961126625086,0,27.86727272727273,0.0,0.0,1.1623416217670024,-182.79611266250868,-16.234162176700238,Normal
2025-03-05,1198.2247513068,1172.4288653737362,25.795885933063808,0,27.576363636363634,0.8181818181818182,0.0,1.0220020904422553,-25.7958859330638,-2.2002090442255318,Normal
2025-03-06,1164.8836583307,1182.0643400149897,-17.180681684289876,0,26.04,0.0,0.0,0.9854655274652208,17.180681684289766,1.4534472534779241,Normal
2025-03-07,1237.7186038609,1176.0810269594156,61.63757690148452,0,25.246363636363636,1.8181818181818181,0.0,1.0524092945031511,-61.63757690148441,-5.240929450315113,Normal
2025-03-08,995.4683220825,1181.072640557085,-185.60431847458491,0,27.14363636363636,0.0,0.0,0.8428510558105557,185.60431847458494,15.714894418944425,Normal
2025-03-09,963.0617347379,1036.2937800689722,-73.23204533107223,1,27.568181818181817,17.09090909090909,0.0,0.9293327367783698,73.23204533107219,7.066726322163019,Normal
2025-03-10,956.0799335759,1020.3418159679388,-64.26188239203877,0,28.681818181818183,16.363636363636363,0.0,0.9370192602259692,64.26188239203884,6.298073977403085,Normal
2025-03-11,923.7760802046,1131.121780307293,-207.34570010269303,0,28.860909090909093,10.545454545454545,0.0,0.8166902063839995,207.34570010269294,18.330979361600054,Normal
2025-03-12,59.0900769277,1101.12458634818,-1042.03450942048,7,29.176363636363636,10.090909090909092,0.0,0.053663388921020315,1042.03450942048,94.63366110789796,Alert
2025-03-13,996.9206064363,819.9620825166287,176.95852391967125,0,29.63,36.36363636363637,0.0,1.2158130573264436,-176.95852391967128,-21.581305732644363,Normal
2025-03-14,965.0393022277,860.2721334923381,104.76716873536193,0,30.13181818181818,54.90909090909091,0.0,1.121783752671439,-104.7671687353619,-12.178375267143892,Normal
2025-03-15,923.8482744820001,920.9954121829371,2.8528622990629184,0,30.65909090909091,36.36363636363637,0.0,1.0030975857874267,-2.852862299062963,-0.3097585787426693,Normal
2025-03-16,1051.9277204527,972.7606034363521,79.16711701634799,0,31.045454545454547,36.54545454545455,1.14,1.0813839671720709,-79.1671170163479,-8.138396717207087,Normal
2025-03-17,772.2477483749,896.0348689993136,-123.7871206244137,1,30.24909090909091,42.27272727272727,0.0,0.8618501077277736,123.78712062441366,13.81498922722264,Normal
2025-03-18,1169.0924273161,1032.3924245762748,136.70000273982512,0,30.37,15.909090909090908,0.0,1.1324108928791596,-136.7000027398251,-13.241089287915964,Normal
2025-03-19,1160.7399139917,1056.8450737513967,103.89484024030324,0,30.8,10.909090909090908,0.0,1.0983065946189408,-103.89484024030321,-9.830659461894076,Normal
2025-03-20,293.6446608837,772.139721491391,-478.495060607691,2,28.074545454545454,58.18181818181818,0.11,0.3802999026089788,478.495060607691,61.97000973910212,Normal
2025-03-21,407.8864237259,647.7129355285662,-239.82651180266615,0,26.334545454545456,75.0,0.0,0.6297333299249988,239.82651180266618,37.02666700750012,Normal
2025-03-22,289.2936391555,629.7357659846782,-340.4421268291782,0,24.927272727272726,70.9090909090909,0.0,0.45938892910608264,340.4421268291782,54.06110708939173,Normal
2025-03-23,1079.6236367364,850.6305518421616,228.99308489423842,0,27.06,27.272727272727273,0.0,1.2692039268967252,-228.99308489423834,-26.920392689672525,Normal
2025-03-24,1286.9679447415,1081.022891029204,205.94505371229602,0,28.64818181818182,0.0,0.0,1.1905094290059142,-205.94505371229616,-19.050942900591416,Normal
2025-03-25,1315.0541820843,1128.8478693381317,186.20631274616832,0,29.014545454545452,0.0,0.0,1.1649525306322677,-186.20631274616835,-16.495253063226766,Normal
2025-03-26,1216.9471880853,1034.3446704959254,182.60251758937466,0,30.283636363636365,16.363636363636363,0.0,1.176539332388907,-182.60251758937466,-17.65393323889071,Normal
2025-03-27,1106.5510377992,937.5290110829453,169.02202671625466,0,31.032727272727275,30.272727272727273,0.0,1.1802845828962842,-169.0220267162547,-18.028458289628425,Normal
2025-03-28,1211.065283372,1115.0437104981463,96.02157287385378,0,32.585454545454546,2.1818181818181817,0.0,1.0861146266911421,-96.02157287385376,-8.61146266911421,Normal
2025-03-29,191.9304886667,1142.0980275995273,-950.1675389328274,6,32.52181818181818,0.0,0.0,0.16805080126974858,950.1675389328273,83.19491987302514,Alert
2025-03-30,0.0,1049.136807655361,-1049.136807655361,7,31.704545454545453,17.09090909090909,0.0,0.0,1049.136807655361,100.0,Alert
2025-03-31,0.0,788.4354580611797,-788.4354580611797,4,31.39818181818182,52.72727272727273,0.0,0.0,788.4354580611797,100.0,Attention
2025-04-01,0.0,564.2536998259985,-564.2536998259985,0,30.75,75.0,0.0,0.0,564.2536998259985,100.0,Normal
2025-04-02,0.0,510.545136679959,-510.545136679959,0,30.44181818181818,71.81818181818181,0.0,0.0,510.545136679959,100.0,Normal
2025-04-03,0.0,733.6986094381882,-733.6986094381882,4,32.00454545454546,35.72727272727273,0.0,0.0,733.6986094381882,100.0,Attention
2025-04-04,0.0,618.186170303248,-618.186170303248,3,30.91,48.81818181818182,0.0,0.0,618.186170303248,100.0,Attention
2025-04-05,0.0,734.0261992623374,-734.0261992623374,4,31.83,27.272727272727273,0.0,0.0,734.0261992623374,100.0,Attention
2025-04-06,0.0,623.9319568034196,-623.9319568034196,3,31.271818181818183,43.18181818181818,0.0,0.0,623.9319568034196,100.0,Attention
2025-04-07,1104.0149757133,718.8330107772158,385.1819649360843,0,30.597272727272728,30.0,0.11,1.535843456214703,-385.1819649360841,-53.5843456214703,Normal
2025-04-08,838.1701232898,726.9143300930292,111.25579319677078,0,31.45181818181818,52.72727272727273,0.0,1.1530521391462079,-111.25579319677081,-15.305213914620786,Normal
2025-04-09,863.3429205583,717.9142083194506,145.4287122388494,0,31.429090909090906,52.72727272727273,0.0,1.202571157602912,-145.42871223884936,-20.25711576029121,Normal
2025-04-10,1028.6398639062,870.7642378856497,157.87562602055027,0,31.404545454545453,37.27272727272727,0.0,1.181306970534179,-157.87562602055027,-18.130697053417897,Normal
2025-04-11,1151.8183589584,865.1916042847647,286.6267546736352,0,30.237272727272728,36.36363636363637,0.0,1.3312870273522632,-286.62675467363533,-33.12870273522633,Normal
2025-04-12,905.2614542685,853.7991481983184,51.46230607018161,0,31.178181818181816,47.27272727272727,0.0,1.0602744874819527,-51.46230607018151,-6.027448748195274,Normal
2025-04-13,1227.3856548611,994.2335361167612,233.1521187443388,0,30.90909090909091,24.727272727272727,0.0,1.234504379780806,-233.15211874433874,-23.450437978080597,Normal
2025-04-14,1099.4856601645001,967.6494921407832,131.8361680237168,0,32.00818181818182,31.363636363636363,0.0,1.1362437216104446,-131.83616802371694,-13.624372161044462,Normal
2025-04-15,1033.1213881625,865.3074111417816,167.81397702071843,0,30.38181818181818,40.90909090909091,2.27,1.193935675183096,-167.8139770207183,-19.393567518309606,Normal
2025-04-16,693.1398753531,802.1437697060132,-109.00389435291332,1,29.74,50.0,1.46,0.864109280069752,109.00389435291322,13.589071993024804,Normal
2025-04-17,553.7568904406,707.6027645557606,-153.84587411516054,1,26.012727272727272,67.36363636363636,0.0,0.7825815813315168,153.84587411516054,21.741841866848322,Normal
2025-04-18,0.0,798.4373435419761,-798.4373435419761,5,26.719090909090905,52.09090909090909,12.41,0.0,798.4373435419761,100.0,Attention
2025-04-19,352.8948294158,637.8278276540269,-284.9329982382269,1,28.772727272727273,71.81818181818181,0.0,0.5532760003804955,284.9329982382269,44.67239996195045,Normal
2025-04-20,771.0991901487,702.5969174072145,68.50227274148547,0,29.290000000000003,64.58333333333333,0.0,1.0974986810279195,-68.50227274148551,-9.749868102791947,Normal
2025-04-21,593.0764725641,677.8379804852209,-84.76150792112088,0,27.589166666666667,79.16666666666667,2.17,0.8749531446136353,84.76150792112094,12.504685538636473,Normal
2025-04-22,738.6846276621,714.7139445233177,23.970683138782306,0,31.117499999999996,66.25,0.0,1.0335388491052455,-23.970683138782306,-3.3538849105245516,Normal
2025-04-23,955.4163091319,739.344485739948,216.07182339195202,0,31.636666666666667,66.25,0.0,1.292247832450801,-216.07182339195197,-29.22478324508011,Normal
2025-04-24,967.5582232561,765.1587387371092,202.3994845189908,0,31.772499999999997,63.333333333333336,0.0,1.2645196013222697,-202.3994845189908,-26.451960132226972,Normal
2025-04-25,515.067229831,798.1788292435087,-283.1115994125087,3,31.7925,60.416666666666664,0.0,0.6453030460845047,283.1115994125088,35.46969539154953,Attention
2025-04-26,967.7800742302,778.2409420724872,189.5391321577128,0,32.00083333333333,63.333333333333336,0.0,1.2435481377437716,-189.53913215771274,-24.35481377437716,Normal
2025-04-27,818.652492966,800.7914741319668,17.86101883403326,0,30.607499999999998,54.583333333333336,0.0,1.02230420703891,-17.86101883403319,-2.2304207038909896,Normal
2025-04-28,747.2741655554,718.5651871147131,28.70897844068691,0,27.146666666666665,80.08333333333333,0.0,1.039953199731208,-28.708978440686906,-3.9953199731207922,Normal
2025-04-29,1018.6240714097,763.9708849049343,254.65318650476567,0,27.429230769230767,58.69230769230769,0.87,1.3333283918751089,-254.6531865047657,-33.332839187510885,Normal
2025-04-30,681.6938902459,766.249231061843,-84.55534081594305,0,28.948461538461537,68.92307692307692,0.0,0.8896503417057019,84.55534081594305,11.03496582942981,Normal
2025-05-01,635.1880583559,808.6046443174934,-173.41658596159334,1,29.493846153846157,38.69230769230769,0.21,0.7855360005902928,173.41658596159334,21.446399940970718,Normal
2025-05-02,1044.1009844832,808.0380960543022,236.06288842889788,0,29.14076923076923,50.53846153846154,1.79,1.2921432659940253,-236.06288842889774,-29.21432659940253,Normal
2025-05-03,827.371248235,926.0483522540652,-98.67710401906524,0,29.77153846153846,36.23076923076923,0.48000000000000004,0.8934428166964734,98.67710401906515,10.65571833035266,Normal
2025-05-04,867.3958121695999,789.138334023523,78.25747814607693,0,29.060000000000002,68.92307692307692,3.31,1.0991682633728754,-78.25747814607689,-9.916826337287542,Normal
2025-05-05,845.9448868899,854.0408278307121,-8.095940940812111,0,30.68,40.46153846153846,0.0,0.9905204286762541,8.09594094081217,0.9479571323745883,Normal
2025-05-06,641.4548455546,792.0226909084664,-150.5678453538664,0,29.212307692307693,54.38461538461539,1.7599999999999998,0.8098945306968894,150.56784535386646,19.010546930311058,Normal
2025-05-07,949.776273299,832.0548158613688,117.72145743763119,0,30.874615384615385,44.53846153846154,0.0,1.1414828148260427,-117.72145743763122,-14.148281482604276,Normal
2025-05-08,1050.1104633131,947.3338983534243,102.77656495967567,0,32.24384615384615,34.15384615384615,0.22,1.108490327579656,-102.77656495967562,-10.849032757965604,Normal
2025-05-09,1190.5628148078,854.9266521636488,335.6361626441512,0,33.135384615384616,48.15384615384615,0.0,1.3925905945202701,-335.6361626441511,-39.25905945202701,Normal
2025-05-10,1130.612822234,998.8825600211588,131.7302622128411,0,34.136923076923075,26.46153846153846,0.13,1.1318776275461762,-131.73026221284124,-13.187762754617616,Normal
2025-05-11,1122.4090252326,1012.5459350473948,109.86309018520525,0,33.71153846153846,19.46153846153846,0.78,1.1085018332329415,-109.86309018520524,-10.85018332329415,Normal
2025-05-12,606.9485773351,733.1990719241627,-126.25049458906267,0,29.976923076923075,74.92307692307692,0.0,0.827808709225806,126.25049458906267,17.219129077419403,Normal
2025-05-13,1087.4051717935,792.8132621699573,294.59190962354273,0,31.272307692307695,48.23076923076923,1.69,1.3715779284736414,-294.5919096235426,-37.157792847364135,Normal
2025-05-14,772.5704130907,901.569102057615,-128.99868896691504,1,31.915384615384614,34.07692307692308,0.26,0.856917579947553,128.9986889669151,14.308242005244697,Normal
2025-05-15,581.5403589394,722.6806262120103,-141.14026727261037,0,29.92076923076923,66.6923076923077,6.29,0.8046989746876035,141.14026727261034,19.530102531239645,Normal
2025-05-16,1058.9724114487,943.1200494831518,115.85236196554827,0,32.145384615384614,34.92307692307692,1.68,1.1228394646355335,-115.85236196554831,-12.283946463553352,Normal
2025-05-17,857.3495789376,924.4001312857741,-67.05055234817415,0,30.567692307692308,34.76923076923077,1.21,0.9274658775146303,67.05055234817416,7.253412248536972,Normal
2025-05-18,987.274424703,873.7163459135867,113.55807878941329,0,30.20230769230769,45.53846153846154,3.32,1.1299713337406698,-113.55807878941334,-12.997133374066983,Normal
2025-05-19,726.9155483443,728.9856036126428,-2.0700552683427533,0,29.324615384615388,74.38461538461539,25.56,0.9971603619357032,2.0700552683427986,0.2839638064296768,Normal
2025-05-20,532.9919757302,700.7545766059959,-167.76260087579584,0,28.334615384615386,74.46153846153847,23.42,0.7605972098129848,167.7626008757959,23.940279018701517,Normal
2025-05-21,841.4456500548,758.2121633134168,83.23348674138316,0,29.77076923076923,64.07692307692308,1.02,1.1097759845709274,-83.23348674138322,-10.977598457092741,Normal
2025-05-22,680.5607182794,685.3984838953415,-4.837765615941592,0,29.37153846153846,82.15384615384616,2.4,0.9929416744716928,4.837765615941521,0.7058325528307208,Normal
2025-05-23,724.8302574611,774.6194200923104,-49.78916263121046,0,29.95307692307692,62.69230769230769,0.0,0.935724355290141,49.78916263121039,6.427564470985903,Normal
2025-05-24,882.9940763672,678.7479898572234,204.24608650997666,0,29.31153846153846,80.6923076923077,0.5,1.3009159357553906,-204.24608650997664,-30.091593575539054,Normal
2025-05-25,679.4351017895,756.7791213984221,-77.3440196089222,0,30.84,75.84615384615384,0.31,0.8977984230510995,77.34401960892217,10.220157694890053,Normal
2025-05-26,787.9639715367,676.5524475571569,111.41152397954306,0,30.1,71.23076923076923,4.05,1.1646753690446603,-111.41152397954306,-16.46753690446603,Normal
2025-05-27,1143.0785087974,832.873585678105,310.2049231192951,0,32.16538461538461,27.23076923076923,0.0,1.372451388126007,-310.204923119295,-37.2451388126007,Normal
2025-05-28,837.9193973703,744.734871945193,93.18452542510695,0,30.57384615384615,80.53846153846153,0.13,1.1251244287537063,-93.18452542510693,-12.512442875370633,Normal
2025-05-29,181.638229801,501.678459406802,-320.040229605802,0,27.12,94.23076923076923,64.94,0.3620610500514092,320.040229605802,63.79389499485908,Normal
2025-05-30,294.0574334586,419.82794750640096,-125.77051404780099,0,27.214615384615385,100.0,11.02,0.7004236740435594,125.77051404780099,29.957632595644057,Normal
2025-05-31,540.2428945354,583.8056269342326,-43.56273239883256,0,29.936153846153847,81.15384615384616,13.02,0.9253814448010792,43.56273239883262,7.4618555198920795,Normal
2025-06-01,424.7704092625,498.2339841745017,-73.46357491200166,0,28.11076923076923,92.3076923076923,12.86,0.8525520593828626,73.46357491200172,14.74479406171374,Normal
2025-06-02,652.4943256622,572.0712348645328,80.4230907976672,0,28.6,86.53846153846153,9.48,1.1405823014623546,-80.42309079766721,-14.058230146235463,Normal
2025-06-03,946.1768221556,626.0483272080168,320.12849494758325,0,29.306153846153848,70.53846153846153,0.19,1.511347896056616,-320.12849494758325,-51.1347896056616,Normal
2025-06-04,415.1640315179,629.7821216539876,-214.61809013608763,0,27.186923076923076,82.6923076923077,5.13,0.6592185094546044,214.61809013608757,34.078149054539566,Normal
2025-06-05,458.9422983705,605.0900083246116,-146.14770995411166,0,29.182307692307692,77.46153846153847,0.15,0.758469470750692,146.14770995411163,24.153052924930797,Normal
2025-06-06,825.3391486501,639.5286575766918,185.8104910734082,0,29.806153846153848,49.15384615384615,1.69,1.2905428691459788,-185.81049107340823,-29.05428691459788,Normal
2025-06-07,734.6965914316,697.0595438634814,37.63704756811862,0,31.56692307692308,39.30769230769231,0.0,1.0539940208830851,-37.637047568118646,-5.399402088308514,Normal
2025-06-08,719.0457805944,746.9375682552184,-27.891787660818387,0,32.36076923076923,42.61538461538461,0.5,0.9626584752913537,27.89178766081841,3.7341524708646268,Normal
2025-06-09,0.0,721.7404096560591,-721.7404096560591,3,32.81076923076923,46.15384615384615,0.42,0.0,721.7404096560591,100.0,Attention
2025-06-10,562.794045632,660.8533102933386,-98.05926466133864,1,33.13461538461539,40.53846153846154,1.54,0.8516171998626864,98.0592646613386,14.838280013731364,Normal
2025-06-11,1168.9611405185,653.7453863855362,515.2157541329638,0,31.957692307692305,49.07692307692308,1.32,1.788098493484623,-515.2157541329639,-78.8098493484623,Normal
2025-06-12,1165.865189811,695.1654596427264,470.69973016827356,0,32.47769230769231,60.84615384615385,0.0,1.6771045995440927,-470.6997301682735,-67.71045995440927,Normal
2025-06-13,990.5369879054999,784.1443965359385,206.39259136956147,0,33.153076923076924,44.23076923076923,0.0,1.2632073789997453,-206.3925913695614,-26.32073789997453,Normal
2025-06-14,366.8607287373,617.0896556785087,-250.22892694120878,0,31.965384615384615,89.76923076923077,2.17,0.5945015045405769,250.22892694120873,40.54984954594231,Normal
2025-06-15,549.3688458608,519.6286761632034,29.740169697596567,0,30.32461538461538,73.15384615384616,2.12,1.0572335035802678,-29.74016969759657,-5.72335035802678,Normal
2025-06-16,960.4837617564,495.0095984971759,465.4741632592241,0,29.970000000000002,80.23076923076923,2.25,1.9403336110499274,-465.4741632592241,-94.03336110499274,Normal
2025-06-17,291.9588927941,497.69565020353247,-205.7367574094325,0,28.256923076923076,92.15384615384616,3.73,0.5866213471520265,205.73675740943247,41.337865284797346,Normal
2025-06-18,478.6252926056,469.79450717014555,8.83078543545448,0,27.802307692307693,88.46153846153847,9.16,1.0187971236374125,-8.830785435454459,-1.8797123637412483,Normal
2025-06-19,706.0546077263,560.3642205171847,145.69038720911527,0,28.543076923076924,76.84615384615384,0.0,1.2599923083501856,-145.69038720911533,-25.99923083501856,Normal
2025-06-20,609.3212065703,526.4862268170787,82.8349797532213,0,28.43923076923077,80.3076923076923,0.8200000000000001,1.1573355114226025,-82.83497975322132,-15.73355114226025,Normal
2025-06-21,477.9610374973,574.6968929905712,-96.73585549327125,0,30.093846153846155,76.92307692307692,1.02,0.8316749982936513,96.73585549327117,16.832500170634866,Normal
2025-06-22,801.6541642683,595.6135372765566,206.04062699174338,0,30.394615384615385,76.92307692307692,0.11,1.3459300605118283,-206.04062699174335,-34.593006051182826,Normal
2025-06-23,722.3569938291,639.0492558860675,83.30773794303249,0,30.635384615384616,71.6923076923077,2.69,1.1303619981960906,-83.30773794303252,-13.036199819609063,Normal
2025-06-24,906.6894999883001,689.9176647282084,216.77183526009162,0,30.364615384615384,76.84615384615384,0.0,1.3141995724163529,-216.77183526009173,-31.419957241635288,Normal
2025-06-25,750.6459691276,697.9515142821554,52.69445484544468,0,30.347692307692306,74.0,0.1,1.075498732744553,-52.694454845444625,-7.54987327445531,Normal
2025-06-26,1010.5749996600999,658.4006812883256,352.17431837177435,0,30.42076923076923,59.23076923076923,0.41000000000000003,1.5348936117178027,-352.17431837177435,-53.48936117178027,Normal
2025-06-27,953.8984405223,628.3823774510461,325.5160630712539,0,30.196923076923078,75.15384615384616,1.1600000000000001,1.5180222659834428,-325.51606307125394,-51.802226598344284,Normal
2025-06-28,849.9921173499,627.2277709353392,222.76434641456083,0,29.743846153846157,74.07692307692308,0.56,1.3551570206822452,-222.7643464145608,-35.51570206822452,Normal
2025-06-29,847.1770642384,615.9977718415788,231.17929239682124,0,30.386153846153846,86.3076923076923,2.6399999999999997,1.3752924165710707,-231.1792923968212,-37.52924165710707,Normal
2025-06-30,794.6646538579,669.15018196489,125.5144718930101,0,29.854615384615386,76.92307692307692,3.63,1.187572947412866,-125.51447189301007,-18.7572947412866,Normal
2025-07-01,899.934826189,705.52789649229,194.40692969671002,0,30.52,72.3076923076923,2.09,1.2755481826632982,-194.40692969671,-27.554818266329818,Normal
2025-07-02,592.7407414936,635.4995823180267,-42.75884082442664,0,30.057692307692307,85.38461538461539,2.6,0.9327161779265677,42.75884082442667,6.7283822073432304,Normal
2025-07-03,649.7199420264,665.4724595458385,-15.752517519438523,0,30.45923076923077,69.84615384615384,3.6900000000000004,0.9763288212855734,15.752517519438584,2.367117871442659,Normal
2025-07-04,660.3066204938,631.8776643373071,28.428956156492838,0,28.928461538461537,84.53846153846153,0.0,1.0449912344762309,-28.42895615649286,-4.499123447623088,Normal
2025-07-05,812.461004719,635.3143955875161,177.14660913148398,0,29.39692307692308,79.15384615384616,12.190000000000001,1.2788329846794437,-177.14660913148396,-27.88329846794437,Normal
2025-07-06,932.877713761,668.8976546969944,263.98005906400556,0,28.853846153846156,75.0,0.0,1.3946494014597592,-263.98005906400556,-39.46494014597592,Normal
2025-07-07,540.880863579,691.0534085662181,-150.17254498721815,0,27.74076923076923,78.84615384615384,1.02,0.7826903924853035,150.1725449872181,21.730960751469652,Normal
2025-07-08,217.0408465876,455.0928277295208,-238.0519811419208,0,26.997692307692304,100.0,46.15,0.47691555076889874,238.05198114192083,52.30844492311013,Normal
2025-07-09,191.16406211,432.6598935976933,-241.4958314876933,0,26.333076923076923,100.0,52.74,0.44183448694635186,241.49583148769332,55.81655130536481,Normal
2025-07-10,330.38994188969997,478.2112632364791,-147.82132134677911,0,27.033846153846152,98.07692307692308,6.67,0.690886993446492,147.82132134677914,30.911300655350804,Normal
2025-07-11,1013.8764663782999,663.0200277046115,350.85643867368844,0,30.38769230769231,70.84615384615384,1.42,1.5291792464978176,-350.85643867368844,-52.91792464978175,Normal
2025-07-12,91.1491089334,726.1556982085147,-635.0065892751146,3,32.30461538461539,62.92307692307692,0.0,0.12552281715653033,635.0065892751146,87.44771828434696,Attention
2025-07-13,0.0,488.2082026075305,-488.2082026075305,0,31.005384615384614,82.46153846153847,3.62,0.0,488.2082026075305,100.0,Normal
2025-07-14,0.0,286.06343516688594,-286.06343516688594,0,27.740000000000002,90.38461538461539,4.93,0.0,286.06343516688594,100.0,Normal
2025-07-15,0.0,258.87187713239996,-258.87187713239996,0,28.513846153846153,95.84615384615384,13.28,0.0,258.87187713239996,100.0,Normal
2025-07-16,62.029659624100006,293.88937596321193,-231.85971633911194,0,29.834615384615386,89.23076923076923,8.67,0.2110646545857604,231.8597163391119,78.89353454142396,Normal
2025-07-17,333.3575482888,313.2716494060662,20.085898882733805,0,29.076923076923077,86.46153846153847,3.96,1.064116554820121,-20.085898882733773,-6.411655482012102,Normal
2025-07-18,852.6642376574,500.47108759008216,352.19315006731784,0,31.08076923076923,71.23076923076923,0.0,1.7037232695363744,-352.19315006731784,-70.37232695363744,Normal
2025-07-19,664.6565266684,514.0923994180956,150.56412725030444,0,31.58153846153846,74.92307692307692,0.0,1.292873669053907,-150.5641272503044,-29.287366905390712,Normal
2025-07-20,350.100048942,493.71207707213625,-143.61202813013628,0,30.111538461538462,82.6923076923077,1.4,0.7091178547184838,143.61202813013625,29.088214528151624,Normal
2025-07-21,770.1064718949,531.2274991173281,238.87897277757193,0,31.56230769230769,78.53846153846153,0.16,1.4496735827390075,-238.8789727775719,-44.96735827390075,Normal
2025-07-22,608.2377956081,547.274521541583,60.96327406651705,0,31.636153846153846,85.38461538461539,1.47,1.111394321619054,-60.96327406651699,-11.139432161905404,Normal
2025-07-23,909.2125792694,608.3206507259674,300.8919285434326,0,32.76153846153846,66.0,0.22,1.494627180886181,-300.8919285434325,-49.462718088618104,Normal
2025-07-24,571.4609733903,486.5033448031572,84.9576285871428,0,29.716923076923077,84.6923076923077,1.11,1.1746290739717673,-84.95762858714278,-17.46290739717673,Normal
2025-07-25,1005.2083363511,476.81043754334456,528.3978988077555,0,30.006153846153843,66.15384615384616,0.0,2.1081928103969436,-528.3978988077554,-110.81928103969436,Normal
2025-07-26,902.3553716667,531.7423598999284,370.61301176677165,0,30.035384615384615,82.46153846153847,0.41000000000000003,1.6969785364410677,-370.6130117667716,-69.69785364410677,Normal
2025-07-27,607.7591668862,645.695270338338,-37.93610345213792,0,30.446153846153848,80.76923076923077,0.62,0.9412476671352109,37.93610345213801,5.87523328647891,Normal
2025-07-28,395.6714562514,561.6819166189566,-166.0104603675566,0,28.37769230769231,82.6923076923077,13.37,0.7044404395874869,166.01046036755662,29.555956041251306,Normal
2025-07-29,573.8559350223,612.1493371178466,-38.29340209554654,0,29.71,74.23076923076923,1.7799999999999998,0.9374443460547689,38.29340209554664,6.25556539452311,Normal
2025-07-30,1032.9736774371,647.376554252089,385.59712318501096,0,29.934615384615384,77.23076923076923,0.11,1.5956303493729231,-385.5971231850109,-59.563034937292315,Normal
2025-07-31,384.3779229724,509.4874288929797,-125.1095059205797,0,28.073076923076922,89.46153846153847,15.750000000000002,0.754440445778183,125.10950592057975,24.555955422181697,Normal
2025-08-01,552.8262206908,547.6759570614654,5.150263629334541,0,29.42615384615385,84.38461538461539,2.0,1.0094038519729225,-5.150263629334631,-0.9403851972922483,Normal
2025-08-02,577.5783793654,610.8227121242384,-33.24433275883839,0,29.89923076923077,82.6923076923077,4.91,0.9455744979697536,33.24433275883837,5.442550203024643,Normal
2025-08-03,700.5957603057,643.9179867293925,56.67777357630754,0,29.48,76.23076923076923,0.76,1.0880201745321434,-56.67777357630746,-8.80201745321434,Normal
2025-08-04,464.9306793096,615.0280764852188,-150.09739717561882,0,28.85846153846154,86.53846153846153,6.9,0.7559503331402365,150.09739717561877,24.404966685976348,Normal
2025-08-05,387.8247389443,594.4358904990862,-206.6111515547862,1,28.675384615384612,87.61538461538461,29.330000000000002,0.652424836963804,206.6111515547862,34.757516303619596,Normal
2025-08-06,989.0559832944,671.310877381329,317.745105913071,0,29.20230769230769,75.0,0.0,1.4733203596410374,-317.74510591307103,-47.33203596410374,Normal
2025-08-07,575.3232658551,696.5265617384774,-121.20329588337741,0,28.467692307692307,82.61538461538461,3.97,0.8259889822710232,121.20329588337745,17.401101772897675,Normal
2025-08-08,297.7555726943,595.4781347943386,-297.7225621000386,0,27.672307692307694,89.92307692307692,14.489999999999998,0.5000277177215522,297.72256210003866,49.99722822784478,Normal
2025-08-09,871.7103362527,637.8894817811898,233.82085447151013,0,29.32,81.6923076923077,0.4,1.3665538641875834,-233.8208544715102,-36.65538641875834,Normal
2025-08-10,1021.4788431274,756.1458968171597,265.33294631024023,0,30.815384615384616,76.0,0.77,1.3509017868470947,-265.33294631024023,-35.09017868470947,Normal
2025-08-11,1108.174332888,811.9287661966171,296.245566691383,0,31.43846153846154,55.38461538461539,0.0,1.3648664501432923,-296.2455666913829,-36.486645014329234,Normal
2025-08-12,784.7748490294999,781.9265717752561,2.8482772542439214,0,31.254615384615384,63.30769230769231,0.1,1.0036426403156722,-2.8482772542438397,-0.36426403156721854,Normal
2025-08-13,325.9411601145,563.5950064313187,-237.65384631681871,0,28.328461538461536,90.38461538461539,3.89,0.5783251384329292,237.65384631681866,42.16748615670708,Normal
2025-08-14,821.0238051449,625.6100983257681,195.41370681913182,0,29.618333333333336,81.83333333333333,1.62,1.3123570213174147,-195.4137068191319,-31.235702131741473,Normal
2025-08-15,814.9584831612,760.8286557318932,54.12982742930686,1,31.265,66.08333333333333,0.0,1.0711458841902264,-54.12982742930683,-7.114588419022638,Normal
2025-08-16,968.3478393665999,728.0362508259047,240.3115885406952,0,31.926666666666666,81.41666666666667,0.24000000000000002,1.3300818994494834,-240.3115885406952,-33.00818994494834,Normal
2025-08-17,827.8252962098001,689.41842823045,138.40686797935007,0,30.1675,78.33333333333333,0.12,1.20075887488909,-138.40686797935007,-20.075887488909004,Normal
2025-08-18,1061.2860380444,843.5084508403032,217.77758720409682,0,31.588333333333335,48.75,0.0,1.2581806821107087,-217.77758720409668,-25.818068211070866,Normal
2025-08-19,719.5323149861,700.0162448085772,19.516070177522824,0,30.143333333333334,86.08333333333333,2.3200000000000003,1.0278794532587734,-19.516070177522806,-2.787945325877339,Normal
2025-08-20,605.0291005997,698.2521610420758,-93.22306044237592,0,29.368333333333336,79.08333333333333,1.18,0.8664908386344996,93.22306044237587,13.35091613655004,Normal
2025-08-21,706.2877625104,699.4364053020432,6.851357208356737,0,28.883333333333336,77.66666666666667,2.22,1.0097955398895744,-6.851357208356717,-0.9795539889574378,Normal
2025-08-22,889.0153118259,632.1155744117268,256.8997374141732,0,28.906666666666666,85.58333333333333,7.6000000000000005,1.4064126052474737,-256.89973741417316,-40.641260524747366,Normal
2025-08-23,511.2132247999,638.8844128702775,-127.67118807037757,0,28.529090909090908,85.27272727272727,0.65,0.8001654360343573,127.67118807037753,19.98345639656427,Normal
2025-08-24,766.3450614778,669.8964358285285,96.44862564927149,0,29.521818181818183,74.27272727272727,1.13,1.1439754273807767,-96.44862564927143,-14.397542738077673,Normal
2025-08-25,842.8108864083999,703.1393344674184,139.67155194098166,0,31.15727272727273,66.18181818181819,0.3,1.1986399353504715,-139.67155194098154,-19.863993535047154,Normal
2025-08-26,835.4341730245,753.8398835089052,81.5942895155948,0,31.819090909090907,63.27272727272727,0.37,1.1082382231300858,-81.59428951559471,-10.82382231300858,Normal
2025-08-27,930.2206210234,763.876751520006,166.34386950339402,0,31.34090909090909,57.81818181818182,0.13,1.2177627073639739,-166.343869503394,-21.776270736397386,Normal
2025-08-28,916.6279522666,694.264683805969,222.36326846063105,0,29.74090909090909,79.36363636363636,1.9,1.320286014321847,-222.36326846063105,-32.028601432184686,Normal
2025-08-29,483.83232445939996,715.5605109609771,-231.72818650157708,0,30.354545454545452,77.18181818181819,0.0,0.6761585037855529,231.72818650157717,32.38414962144471,Normal
2025-08-30,669.4750957195,637.3937535603455,32.08134215915446,0,30.14727272727273,80.36363636363636,0.21000000000000002,1.0503320623711088,-32.081342159154474,-5.033206237110877,Normal
2025-08-31,484.2389764002,654.3133457336527,-170.07436933345272,0,31.31090909090909,72.54545454545455,3.58,0.7400719847113071,170.0743693334527,25.992801528869293,Normal
2025-09-01,1210.707180837,797.3530835207355,413.3540973162645,0,33.63818181818181,40.09090909090909,0.0,1.5184078494950912,-413.3540973162644,-51.84078494950912,Normal
2025-09-02,889.1077990662,743.6766825634467,145.43111650275335,0,31.666363636363634,65.72727272727273,0.0,1.1955569132562467,-145.4311165027533,-19.555691325624668,Normal
2025-09-03,1001.1728201202,776.0685250311016,225.10429508909846,0,31.545454545454547,55.45454545454545,0.18,1.29005724086037,-225.1042950890984,-29.00572408603701,Normal
2025-09-04,784.9246654956,754.3406472789468,30.584018216653227,0,31.022727272727273,63.09090909090909,0.13,1.0405440411132234,-30.58401821665325,-4.054404111322341,Normal
2025-09-05,678.0795568078,806.8827448787263,-128.80318807092624,1,31.64636363636364,38.0,0.37,0.84036938590094,128.80318807092624,15.963061409905999,Normal
2025-09-06,922.5714815702,751.5600052504977,171.0114763197022,0,32.27818181818182,49.54545454545455,0.0,1.2275420127800754,-171.0114763197023,-22.754201278007535,Normal
2025-09-07,541.6833642002999,591.396796684624,-49.71343248432401,0,30.49,87.72727272727273,2.33,0.9159389554305705,49.71343248432402,8.406104456942954,Normal
2025-09-08,608.7872828085999,680.2836863324552,-71.49640352385524,0,32.233636363636364,81.18181818181819,0.41000000000000003,0.8949020754719158,71.49640352385529,10.50979245280842,Normal
2025-09-09,651.8440869451,633.2289439896956,18.61514295540445,0,31.470000000000002,80.81818181818181,2.45,1.0293971763800287,-18.615142955404394,-2.93971763800287,Normal
2025-09-10,816.3893797402001,724.3624746197654,92.0269051204346,0,32.049090909090914,60.18181818181818,0.0,1.127045378998604,-92.02690512043466,-12.70453789986039,Normal
2025-09-11,539.0714912009,545.8311890561982,-6.759697855298176,0,31.08909090909091,84.0909090909091,8.23,0.987615772072339,6.759697855298214,1.238422792766103,Normal
2025-09-12,519.0346268205,545.1128713316849,-26.078244511184877,0,30.00272727272727,84.0909090909091,1.02,0.9521599179130057,26.07824451118495,4.784008208699431,Normal
2025-09-13,313.6938305067,555.3732603205915,-241.6794298138915,0,30.785454545454545,91.54545454545455,2.32,0.5648342347732387,241.6794298138915,43.51657652267613,Normal
2025-09-14,122.7651110553,452.91482347050516,-330.14971241520516,0,27.88090909090909,95.45454545454545,12.15,0.2710556261210442,330.14971241520516,72.89443738789558,Normal
2025-09-15,315.3811014116,536.6836072778804,-221.3025058662803,0,28.345454545454547,81.0909090909091,2.91,0.5876480986837821,221.30250586628034,41.23519013162179,Normal
2025-09-16,552.3838406303,509.70578628305515,42.67805434724489,0,28.26181818181818,86.18181818181819,1.18,1.0837307629141657,-42.67805434724488,-8.37307629141657,Normal
2025-09-17,476.7384442303,550.4308387404623,-73.69239451016222,0,29.88909090909091,83.18181818181819,3.39,0.8661187031620706,73.69239451016227,13.388129683792938,Normal
2025-09-18,556.6024954098,564.6444411028086,-8.041945693008678,0,30.512727272727272,74.36363636363636,0.47,0.9857575048869659,8.041945693008643,1.4242495113034104,Normal
2025-09-19,649.3131014111,663.8207950551941,-14.507693644094163,0,31.415454545454544,62.72727272727273,0.28,0.9781451654540472,14.50769364409416,2.185483454595283,Normal
2025-09-20,589.8038817076,620.0599908852303,-30.25610917763025,0,31.042727272727276,70.72727272727273,4.24,0.9512045453304687,30.256109177630265,4.879545466953128,Normal
2025-09-21,167.9401255686,603.2959372565276,-435.35581168792766,2,31.69818181818182,78.0,0.56,0.2783710534042435,435.3558116879276,72.16289465957566,Normal
2025-09-22,0.0,439.20993032455794,-439.20993032455794,0,29.03818181818182,95.45454545454545,1.76,0.0,439.20993032455794,100.0,Normal
2025-09-23,0.0,508.6100000897359,-508.6100000897359,0,31.026363636363637,65.45454545454545,0.0,0.0,508.6100000897359,100.0,Normal
2025-09-24,0.0,602.2307369314394,-602.2307369314394,1,31.638181818181817,44.27272727272727,0.49,0.0,602.2307369314394,100.0,Normal
2025-09-25,104.4522752042,487.98861833457227,-383.53634313037225,0,32.00363636363637,76.63636363636364,0.0,0.21404653977520838,383.53634313037225,78.59534602247916,Normal
2025-09-26,222.44975265940002,525.1249108874335,-302.6751582280336,0,32.21,74.63636363636364,0.1,0.4236130262483104,302.6751582280335,57.63869737516896,Normal
2025-09-27,833.4454909823,522.1017756826402,311.3437152996598,0,31.373636363636365,74.36363636363636,0.36,1.5963276315093597,-311.34371529965983,-59.63276315093597,Normal
2025-09-28,0.0,545.8145879685446,-545.8145879685446,0,31.263636363636365,84.72727272727273,4.79,0.0,545.8145879685446,100.0,Normal
2025-09-29,0.0,554.4806314842119,-554.4806314842119,0,31.99909090909091,54.54545454545455,1.8,0.0,554.4806314842119,100.0,Normal
2025-09-30,854.0016719696,585.2384967724738,268.76317519712615,0,33.025454545454544,46.27272727272727,1.8399999999999999,1.4592370062450193,-268.7631751971262,-45.923700624501926,Normal
2025-10-01,437.9078822538,558.7319905083148,-120.82410825451475,0,27.854545454545452,70.0,0.86,0.7837530152075358,120.82410825451478,21.62469847924642,Normal
2025-10-02,354.82812770370003,516.022130979315,-161.19400327561496,0,27.043636363636367,75.0,16.46,0.6876219185217921,161.19400327561493,31.23780814782079,Normal
2025-10-03,274.85103900729996,487.82444258241907,-212.97340357511905,0,29.05363636363636,90.18181818181819,2.02,0.5634220326318792,212.9734035751191,43.65779673681208,Normal
2025-10-04,885.503179491,569.6903019418448,315.81287754915513,0,30.230909090909094,66.27272727272727,1.04,1.5543588796801986,-315.81287754915513,-55.435887968019856,Normal
2025-10-05,578.2308169526,591.8567334862252,-13.625916533625114,0,29.507272727272724,79.18181818181819,0.0,0.9769776775988267,13.625916533625173,2.30223224011733,Normal
2025-10-06,407.7287451559,581.2033609827099,-173.47461582680995,0,28.582727272727276,78.63636363636364,1.69,0.7015250986616877,173.4746158268099,29.847490133831233,Normal
2025-10-07,294.2065177177,544.89173724127,-250.68521952357,0,29.11727272727273,79.63636363636364,5.62,0.5399357296317924,250.68521952356997,46.00642703682076,Normal
2025-10-08,799.9707171666,562.7257014563402,237.24501571025985,0,29.016363636363636,72.54545454545455,2.06,1.4215997511687617,-237.24501571025985,-42.15997511687617,Normal
2025-10-09,461.5414782825,551.2261327567528,-89.68465447425284,0,29.34181818181818,79.27272727272727,0.63,0.8372997048856732,89.6846544742528,16.270029511432682,Normal
2025-10-10,608.0026704457999,597.497303377276,10.505367068523949,0,29.535454545454545,66.54545454545455,4.83,1.0175822836507273,-10.505367068523924,-1.7582283650727337,Normal
2025-10-11,525.0686778176,503.7827286770858,21.285949140514166,0,27.522727272727273,86.0909090909091,5.28,1.0422522407554746,-21.28594914051422,-4.225224075547462,Normal
2025-10-12,1018.7652332557,632.3206570419494,386.4445762137505,0,29.434545454545454,54.18181818181818,0.0,1.6111528571936455,-386.44457621375057,-61.11528571936455,Normal
2025-10-13,1069.0233791195,746.8202013059105,322.20317781358955,0,30.213636363636365,34.81818181818182,0.0,1.4314333988959809,-322.2031778135896,-43.14333988959809,Normal
2025-10-14,1040.9406240499,725.2523138228876,315.68831022701244,0,30.26,30.90909090909091,0.0,1.4352806660663837,-315.6883102270124,-43.52806660663837,Normal
2025-10-15,1078.2283276667,821.6191310652127,256.60919660148727,0,30.59,17.09090909090909,0.0,1.3123213504885147,-256.60919660148716,-31.23213504885147,Normal
2025-10-16,869.4337472527,806.3665038348158,63.067243417884136,0,30.765454545454546,28.09090909090909,0.0,1.0782116359223217,-63.06724341788413,-7.821163592232172,Normal
2025-10-17,679.1541490489,812.1791396795766,-133.02499063067654,0,31.279999999999998,24.0,0.1,0.8362122540069694,133.0249906306766,16.378774599303057,Normal
2025-10-18,1077.9738230926,854.8004619786072,223.17336111399268,0,31.51090909090909,13.181818181818182,0.0,1.261082405825347,-223.17336111399277,-26.10824058253469,Normal
2025-10-19,1147.6813404279999,885.3402104317272,262.3411299962727,0,31.493636363636366,10.545454545454545,0.0,1.296316745704281,-262.3411299962727,-29.631674570428103,Normal
2025-10-20,1123.5605626,909.9795277914816,213.58103480851847,0,30.40636363636364,3.6363636363636362,0.0,1.2347097141040952,-213.58103480851833,-23.470971410409526,Normal
2025-10-21,1125.1919746074,926.3222890825688,198.8696855248312,0,30.070909090909087,0.0,0.0,1.2146873586749078,-198.8696855248312,-21.468735867490786,Normal
2025-10-22,909.4509254761,827.5623067035135,81.88861877258648,0,30.321818181818184,16.363636363636363,0.0,1.0989516053465256,-81.88861877258648,-9.895160534652558,Normal
